formulario	offset	campo	classe
MainForm	0x02f0	lista_equipos	TComboBox
MainForm	0x02f4	cuadro_dialogo_we	TGroupBox
MainForm	0x02f8	dialogo_we	TOpenDialog
MainForm	0x02fc	grupo_memorycard	TGroupBox
MainForm	0x0300	dialogo_mcr	TOpenDialog
MainForm	0x0304	texto_mcr	TStaticText
MainForm	0x0308	etiqueta_mcr	TStaticText
MainForm	0x030c	grupo_barras	TGroupBox
MainForm	0x0310	sel_barra0	TRadioButton
MainForm	0x0314	sel_barra1	TRadioButton
MainForm	0x0318	sel_barra2	TRadioButton
MainForm	0x031c	sel_barra3	TRadioButton
MainForm	0x0320	sel_barra4	TRadioButton
MainForm	0x0324	Shape1	TShape
MainForm	0x0328	Shape2	TShape
MainForm	0x032c	Shape4	TShape
MainForm	0x0330	Shape5	TShape
MainForm	0x0334	Shape6	TShape
MainForm	0x0338	barra0	TImage
MainForm	0x033c	barra1	TImage
MainForm	0x0340	barra2	TImage
MainForm	0x0344	barra3	TImage
MainForm	0x0348	barra4	TImage
MainForm	0x034c	grupo_nombre	TGroupBox
MainForm	0x0350	etiq_nombre1	TLabel
MainForm	0x0354	etiq_nombre2	TLabel
MainForm	0x0358	etiq_nombre3	TLabel
MainForm	0x035c	edit_nombre1	TEdit
MainForm	0x0360	edit_nombre2	TEdit
MainForm	0x0364	edit_nombre3	TEdit
MainForm	0x0368	etiqueta_juego	TStaticText
MainForm	0x036c	texto_dialogo_we	TStaticText
MainForm	0x0370	GroupBox3	TGroupBox
MainForm	0x0374	StaticText1	TStaticText
MainForm	0x0378	Image1	TImage
MainForm	0x037c	dialogo_tex	TOpenDialog
MainForm	0x0380	GroupBox1	TGroupBox
MainForm	0x0384	lista_equipos_2	TComboBox
MainForm	0x0388	lista_jugadores_1	TComboBox
MainForm	0x038c	lista_jugadores_2	TComboBox
MainForm	0x0390	lista_equipos_1	TComboBox
MainForm	0x0394	paderecha	TSpeedButton
MainForm	0x0398	paizquierda	TSpeedButton
MainForm	0x039c	paderechaeizquierda	TSpeedButton
MainForm	0x03a0	pabajo	TSpeedButton
MainForm	0x03a4	parriba	TSpeedButton
MainForm	0x03a8	lista_descarte	TListBox
MainForm	0x03ac	base_team	TStaticText
MainForm	0x03b0	help_team	TStaticText
MainForm	0x03b4	Image2	TImage
MainForm	0x03b8	texto_dialogo_tex	TStaticText
MainForm	0x03bc	etiqueta_camiseta	TStaticText
MainForm	0x03c0	dialogo_grabar_camiseta	TSaveDialog
MainForm	0x03c4	dialogo_grabar_memory	TSaveDialog
MainForm	0x03c8	dorsal1	TStaticText
MainForm	0x03cc	dorsal2	TStaticText
MainForm	0x03d0	dorsal3	TStaticText
MainForm	0x03d4	dorsal4	TStaticText
MainForm	0x03d8	dorsal5	TStaticText
MainForm	0x03dc	dorsal6	TStaticText
MainForm	0x03e0	dorsal7	TStaticText
MainForm	0x03e4	dorsal8	TStaticText
MainForm	0x03e8	dorsal9	TStaticText
MainForm	0x03ec	dorsal10	TStaticText
MainForm	0x03f0	dorsal11	TStaticText
MainForm	0x03f4	dorsal12	TStaticText
MainForm	0x03f8	dorsal13	TStaticText
MainForm	0x03fc	dorsal14	TStaticText
MainForm	0x0400	dorsal15	TStaticText
MainForm	0x0404	dorsal16	TStaticText
MainForm	0x0408	dorsal17	TStaticText
MainForm	0x040c	dorsal18	TStaticText
MainForm	0x0410	dorsal19	TStaticText
MainForm	0x0414	dorsal20	TStaticText
MainForm	0x0418	dorsal21	TStaticText
MainForm	0x041c	dorsal22	TStaticText
MainForm	0x0420	mostrar_jugador_1	TSpeedButton
MainForm	0x0424	mostrar_jugador_2	TSpeedButton
MainForm	0x0428	mostrar_estrategia_2	TSpeedButton
MainForm	0x042c	mostrar_estrategia_1	TSpeedButton
MainForm	0x0430	dorsal23	TStaticText
MainForm	0x0434	casilla_xmlibres	TStaticText
MainForm	0x0438	Label1	TLabel
MainForm	0x043c	Label2	TLabel
MainForm	0x0440	GroupBox4	TGroupBox
MainForm	0x0444	bandera	TImage
MainForm	0x0448	colorear	TSpeedButton
MainForm	0x044c	banderita1	TImage
MainForm	0x0450	banderita2	TImage
MainForm	0x0454	Shape3	TShape
MainForm	0x0458	Shape7	TShape
MainForm	0x045c	SpeedButton1	TSpeedButton
MainForm	0x0460	SpeedButton2	TSpeedButton
MainForm	0x0464	boton_dialogo_we	TSpeedButton
MainForm	0x0468	boton_barras2iso	TSpeedButton
MainForm	0x046c	boton_nombres2iso	TSpeedButton
MainForm	0x0470	boton_mcr2iso	TSpeedButton
MainForm	0x0474	boton_tex2iso	TSpeedButton
MainForm	0x0478	boton_mcr	TSpeedButton
MainForm	0x047c	boton_dialogo_tex	TSpeedButton
MainForm	0x0480	grabar_memory	TSpeedButton
MainForm	0x0484	grabar_camiseta	TSpeedButton
MainForm	0x0488	track_barra	TTrackBar
MainForm	0x048c	home1	TImage
MainForm	0x0490	home2	TImage
MainForm	0x0494	Shape8	TShape
MainForm	0x0498	punto	TShape
MainForm	0x049c	ActionList1	TActionList
MainForm	0x04a0	lanza_url	TBrowseURL
MainForm	0x04a4	SpeedButton3	TSpeedButton
MainForm	0x04a8	iguala_nombres	TSpeedButton
MainForm	0x04ac	paderecha2	TSpeedButton
MainForm	0x04b0	paizquierda2	TSpeedButton
MainForm	0x04b4	Image3	TImage
MainForm	0x04b8	Image4	TImage
estrategia	0x02f0	campo	TImage
estrategia	0x02f4	rectangulo	TShape
estrategia	0x02f8	bola0	TShape
estrategia	0x02fc	etiqjug0	TLabel
estrategia	0x0300	bola1	TShape
estrategia	0x0304	etiqjug1	TLabel
estrategia	0x0308	bola2	TShape
estrategia	0x030c	etiqjug2	TLabel
estrategia	0x0310	bola3	TShape
estrategia	0x0314	etiqjug3	TLabel
estrategia	0x0318	lista_formaciones	TListBox
estrategia	0x031c	bola4	TShape
estrategia	0x0320	etiqjug4	TLabel
estrategia	0x0324	bola5	TShape
estrategia	0x0328	etiqjug5	TLabel
estrategia	0x032c	bola6	TShape
estrategia	0x0330	etiqjug6	TLabel
estrategia	0x0334	bola7	TShape
estrategia	0x0338	etiqjug7	TLabel
estrategia	0x033c	bola8	TShape
estrategia	0x0340	etiqjug8	TLabel
estrategia	0x0344	bola9	TShape
estrategia	0x0348	etiqjug9	TLabel
estrategia	0x034c	bola10	TShape
estrategia	0x0350	etiqjug10	TLabel
estrategia	0x0354	etiqestr1	TLabel
estrategia	0x0358	etiqestr2	TLabel
estrategia	0x035c	etiqestr3	TLabel
estrategia	0x0360	etiqestr4	TLabel
estrategia	0x0364	etiqestr5	TLabel
estrategia	0x0368	etiqestr6	TLabel
estrategia	0x036c	etiqestr7	TLabel
estrategia	0x0370	etiqestr8	TLabel
estrategia	0x0374	etiqestr9	TLabel
estrategia	0x0378	etiqestr10	TLabel
estrategia	0x037c	reloj	TTimer
estrategia	0x0380	etiqestr11	TLabel
estrategia	0x0384	malla1	TImage
estrategia	0x0388	simbolo3	TShape
estrategia	0x038c	simbolo1	TShape
estrategia	0x0390	simbolo4	TShape
estrategia	0x0394	simbolo2	TShape
estrategia	0x0398	malla2	TImage
estrategia	0x039c	jugador1	TLabel
estrategia	0x03a0	jugador2	TLabel
estrategia	0x03a4	jugador3	TLabel
estrategia	0x03a8	jugador4	TLabel
estrategia	0x03ac	jugador5	TLabel
estrategia	0x03b0	jugador6	TLabel
estrategia	0x03b4	jugador7	TLabel
estrategia	0x03b8	jugador8	TLabel
estrategia	0x03bc	jugador9	TLabel
estrategia	0x03c0	jugador10	TLabel
estrategia	0x03c4	jugador11	TLabel
estrategia	0x03c8	tirador1	TShape
estrategia	0x03cc	tirador2	TShape
estrategia	0x03d0	tirador3	TShape
estrategia	0x03d4	tirador4	TShape
estrategia	0x03d8	tirador5	TShape
estrategia	0x03dc	tirador6	TShape
estrategia	0x03e0	etiqpos1	TLabel
estrategia	0x03e4	etiqpos2	TLabel
estrategia	0x03e8	etiqpos3	TLabel
estrategia	0x03ec	etiqpos4	TLabel
estrategia	0x03f0	etiqpos5	TLabel
estrategia	0x03f4	etiqpos6	TLabel
estrategia	0x03f8	etiqpos7	TLabel
estrategia	0x03fc	etiqpos8	TLabel
estrategia	0x0400	etiqpos9	TLabel
estrategia	0x0404	etiqpos10	TLabel
estrategia	0x0408	etiqpos11	TLabel
estrategia	0x040c	Image1	TImage
estrategia	0x0410	Label1	TLabel
estrategia	0x0414	Label2	TLabel
estrategia	0x0418	Label3	TLabel
estrategia	0x041c	Label4	TLabel
estrategia	0x0420	Label5	TLabel
estrategia	0x0424	Label6	TLabel
estrategia	0x0428	BitBtn6	TBitBtn
estrategia	0x042c	BitBtn1	TBitBtn
estrategia	0x0430	BitBtn2	TBitBtn
estrategia	0x0434	bandera	TImage
estrategia	0x0438	Shape3	TShape
estrategia	0x043c	ComboBox1	TComboBox
estrategia	0x0440	ComboBox2	TComboBox
estrategia	0x0444	Label7	TLabel
estrategia	0x0448	Label8	TLabel
estrategia	0x044c	Label9	TLabel
estrategia	0x0450	Label10	TLabel
ficha_about	0x02f0	Image1	TImage
ficha_about	0x02f4	BitBtn3	TBitBtn
ficha_about	0x02f8	SpeedButton1	TSpeedButton
ficha_about	0x02fc	ActionList1	TActionList
ficha_about	0x0300	lanza_url	TBrowseURL
ficha_about	0x0304	imagen_url	TImage
ficha_color	0x02f0	seleccion	TLabel
ficha_color	0x02f4	flecha_izquierda	TImage
ficha_color	0x02f8	flecha_derecha	TImage
ficha_color	0x02fc	color1	TLabel
ficha_color	0x0300	color2	TLabel
ficha_color	0x0304	color3	TLabel
ficha_color	0x0308	color4	TLabel
ficha_color	0x030c	color5	TLabel
ficha_color	0x0310	color6	TLabel
ficha_color	0x0314	color7	TLabel
ficha_color	0x0318	color8	TLabel
ficha_color	0x031c	color9	TLabel
ficha_color	0x0320	color10	TLabel
ficha_color	0x0324	color11	TLabel
ficha_color	0x0328	color12	TLabel
ficha_color	0x032c	color13	TLabel
ficha_color	0x0330	color14	TLabel
ficha_color	0x0334	color15	TLabel
ficha_color	0x0338	color16	TLabel
ficha_color	0x033c	recuadro2	TBevel
ficha_color	0x0340	GroupBox1	TGroupBox
ficha_color	0x0344	GroupBox2	TGroupBox
ficha_color	0x0348	barra_rojo	TScrollBar
ficha_color	0x034c	barra_verde	TScrollBar
ficha_color	0x0350	barra_azul	TScrollBar
ficha_color	0x0354	StaticText1	TStaticText
ficha_color	0x0358	StaticText2	TStaticText
ficha_color	0x035c	StaticText3	TStaticText
ficha_color	0x0360	barra2	TTrackBar
ficha_color	0x0364	barra1	TTrackBar
ficha_color	0x0368	gradiente	TBitBtn
ficha_color	0x036c	oscurecer	TBitBtn
ficha_color	0x0370	aclarar	TBitBtn
ficha_color	0x0374	GroupBox5	TGroupBox
ficha_color	0x0378	Image2	TImage
ficha_color	0x037c	Image3	TImage
ficha_color	0x0380	boton2	TRadioButton
ficha_color	0x0384	boton1	TRadioButton
ficha_color	0x0388	boton0	TRadioButton
ficha_color	0x038c	boton3	TRadioButton
ficha_color	0x0390	lista_col2	TComboBox
ficha_color	0x0394	lista_col3	TComboBox
ficha_color	0x0398	lista_col1	TComboBox
ficha_color	0x039c	lista_col0	TComboBox
ficha_color	0x03a0	BitBtn2	TBitBtn
ficha_color	0x03a4	BitBtn3	TBitBtn
ficha_color	0x03a8	BitBtn1	TBitBtn
ficha_color	0x03ac	colcop0	TLabel
ficha_color	0x03b0	colcop1	TLabel
ficha_color	0x03b4	colcop2	TLabel
ficha_color	0x03b8	colcop3	TLabel
ficha_color	0x03bc	colcop4	TLabel
ficha_color	0x03c0	colcop5	TLabel
ficha_color	0x03c4	colcop6	TLabel
ficha_color	0x03c8	colcop7	TLabel
ficha_color	0x03cc	colcop8	TLabel
ficha_color	0x03d0	colcop9	TLabel
ficha_color	0x03d4	colcop10	TLabel
ficha_color	0x03d8	colcop11	TLabel
ficha_color	0x03dc	colcop12	TLabel
ficha_color	0x03e0	colcop13	TLabel
ficha_color	0x03e4	colcop14	TLabel
ficha_color	0x03e8	colcop15	TLabel
ficha_color	0x03ec	colcop16	TLabel
ficha_color	0x03f0	SpeedButton1	TSpeedButton
ficha_creditos_equipo	0x02f0	etiq1	TLabel
ficha_creditos_equipo	0x02f4	BitBtn1	TBitBtn
ficha_creditos_equipo	0x02f8	BitBtn2	TBitBtn
ficha_dorsal	0x02f0	etiq_dorsal	TLabel
ficha_dorsal	0x02f4	BitBtn1	TBitBtn
ficha_dorsal	0x02f8	scroll_dorsal	TScrollBar
ficha_dorsal	0x02fc	Bevel1	TBevel
ficha_enlaza	0x02f0	etiq1	TLabel
ficha_enlaza	0x02f4	etiq2	TLabel
ficha_enlaza	0x02f8	etiq3	TLabel
ficha_enlaza	0x02fc	etiq4	TLabel
ficha_enlaza	0x0300	BitBtn1	TBitBtn
ficha_enlaza	0x0304	BitBtn2	TBitBtn
ficha_error	0x02f0	SpeedButton1	TSpeedButton
ficha_error	0x02f4	BitBtn3	TBitBtn
ficha_error	0x02f8	etiq1	TLabel
ficha_error2	0x02f0	etiq1	TLabel
ficha_error2	0x02f4	BitBtn3	TBitBtn
ficha_info	0x02f0	etiq1	TLabel
ficha_info	0x02f4	Label1	TLabel
ficha_info	0x02f8	Label2	TLabel
ficha_info	0x02fc	Label3	TLabel
ficha_info	0x0300	Label4	TLabel
ficha_info	0x0304	BitBtn3	TBitBtn
ficha_info2	0x02f0	Label1	TLabel
ficha_info2	0x02f4	Label2	TLabel
ficha_info2	0x02f8	Label3	TLabel
ficha_info2	0x02fc	Label4	TLabel
ficha_info2	0x0300	BitBtn3	TBitBtn
ficha_info2	0x0304	Label5	TLabel
ficha_info3	0x02f0	BitBtn6	TBitBtn
ficha_info3	0x02f4	etiq1	TLabel
ficha_info4	0x02f0	etiq1	TLabel
ficha_info4	0x02f4	BitBtn6	TBitBtn
ficha_info4	0x02f8	etiq2	TLabel
ficha_info4	0x02fc	etiq3	TLabel
ficha_movertodos	0x02f0	etiq1	TLabel
ficha_movertodos	0x02f4	BitBtn1	TBitBtn
ficha_movertodos	0x02f8	BitBtn2	TBitBtn
ficha_salida	0x02f0	etiq1	TLabel
ficha_salida	0x02f4	BitBtn1	TBitBtn
ficha_salida	0x02f8	BitBtn2	TBitBtn
ficha_warning	0x02f0	etiq1	TLabel
ficha_warning	0x02f4	etiq2	TLabel
ficha_warning	0x02f8	etiq4	TLabel
ficha_warning	0x02fc	BitBtn1	TBitBtn
ficha_warning	0x0300	BitBtn2	TBitBtn
ficha_warning_2	0x02f0	etiq1	TLabel
ficha_warning_2	0x02f4	etiq2	TLabel
ficha_warning_2	0x02f8	etiq4	TLabel
ficha_warning_2	0x02fc	BitBtn1	TBitBtn
ficha_warning_2	0x0300	BitBtn2	TBitBtn
jugador	0x02f0	barrhab1	TScrollBar
jugador	0x02f4	etiqhab1	TLabel
jugador	0x02f8	barrhab2	TScrollBar
jugador	0x02fc	etiqhab2	TLabel
jugador	0x0300	valorhab1	TLabel
jugador	0x0304	valorhab2	TLabel
jugador	0x0308	barrhab3	TScrollBar
jugador	0x030c	etiqhab3	TLabel
jugador	0x0310	barrhab4	TScrollBar
jugador	0x0314	etiqhab4	TLabel
jugador	0x0318	valorhab3	TLabel
jugador	0x031c	valorhab4	TLabel
jugador	0x0320	barrhab5	TScrollBar
jugador	0x0324	etiqhab5	TLabel
jugador	0x0328	barrhab6	TScrollBar
jugador	0x032c	etiqhab6	TLabel
jugador	0x0330	valorhab5	TLabel
jugador	0x0334	valorhab6	TLabel
jugador	0x0338	barrhab7	TScrollBar
jugador	0x033c	etiqhab7	TLabel
jugador	0x0340	barrhab8	TScrollBar
jugador	0x0344	etiqhab8	TLabel
jugador	0x0348	valorhab7	TLabel
jugador	0x034c	valorhab8	TLabel
jugador	0x0350	barrhab9	TScrollBar
jugador	0x0354	etiqhab9	TLabel
jugador	0x0358	barrhab10	TScrollBar
jugador	0x035c	etiqhab10	TLabel
jugador	0x0360	valorhab9	TLabel
jugador	0x0364	valorhab10	TLabel
jugador	0x0368	barrhab11	TScrollBar
jugador	0x036c	etiqhab11	TLabel
jugador	0x0370	barrhab12	TScrollBar
jugador	0x0374	etiqhab12	TLabel
jugador	0x0378	valorhab11	TLabel
jugador	0x037c	valorhab12	TLabel
jugador	0x0380	barrhab13	TScrollBar
jugador	0x0384	etiqhab13	TLabel
jugador	0x0388	barrhab14	TScrollBar
jugador	0x038c	etiqhab14	TLabel
jugador	0x0390	valorhab13	TLabel
jugador	0x0394	valorhab14	TLabel
jugador	0x0398	barrhab15	TScrollBar
jugador	0x039c	etiqhab15	TLabel
jugador	0x03a0	barrhab16	TScrollBar
jugador	0x03a4	etiqhab16	TLabel
jugador	0x03a8	valorhab15	TLabel
jugador	0x03ac	valorhab16	TLabel
jugador	0x03b0	etiqprecio	TLabel
jugador	0x03b4	BitBtn3	TBitBtn
jugador	0x03b8	casilla_precio	TEdit
jugador	0x03bc	etiqapa1	TLabel
jugador	0x03c0	valorapa1	TLabel
jugador	0x03c4	etiqapa2	TLabel
jugador	0x03c8	etiqapa3	TLabel
jugador	0x03cc	valorapa2	TLabel
jugador	0x03d0	valorapa3	TLabel
jugador	0x03d4	etiqapa4	TLabel
jugador	0x03d8	etiqapa5	TLabel
jugador	0x03dc	valorapa4	TLabel
jugador	0x03e0	valorapa5	TLabel
jugador	0x03e4	etiqapa6	TLabel
jugador	0x03e8	etiqapa7	TLabel
jugador	0x03ec	valorapa6	TLabel
jugador	0x03f0	valorapa7	TLabel
jugador	0x03f4	etiqapa8	TLabel
jugador	0x03f8	etiqapa9	TLabel
jugador	0x03fc	valorapa8	TLabel
jugador	0x0400	valorapa9	TLabel
jugador	0x0404	etiqapa10	TLabel
jugador	0x0408	etiqapa11	TLabel
jugador	0x040c	valorapa10	TLabel
jugador	0x0410	valorapa11	TLabel
jugador	0x0414	etiqapa12	TLabel
jugador	0x0418	valorapa12	TLabel
jugador	0x041c	flechasapa1	TUpDown
jugador	0x0420	flechasapa2	TUpDown
jugador	0x0424	flechasapa3	TUpDown
jugador	0x0428	flechasapa4	TUpDown
jugador	0x042c	flechasapa5	TUpDown
jugador	0x0430	flechasapa6	TUpDown
jugador	0x0434	flechasapa7	TUpDown
jugador	0x0438	flechasapa8	TUpDown
jugador	0x043c	flechasapa9	TUpDown
jugador	0x0440	flechasapa10	TUpDown
jugador	0x0444	flechasapa11	TUpDown
jugador	0x0448	flechasapa12	TUpDown
jugador	0x044c	etiqnombre	TLabel
jugador	0x0450	casilla_nombre	TEdit
jugador	0x0454	BitBtn1	TBitBtn
jugador	0x0458	BitBtn2	TBitBtn
jugador	0x045c	imagen_base	TImage
jugador	0x0460	imagen_barba_0	TImage
jugador	0x0464	imagen_pelo	TImage
jugador	0x0468	imagen_barba	TImage
jugador	0x046c	etiqdorsal	TLabel
jugador	0x0470	casilla_dorsal	TEdit
jugador	0x0474	imghab1	TImage
jugador	0x0478	imghab2	TImage
jugador	0x047c	imghab3	TImage
jugador	0x0480	imghab4	TImage
jugador	0x0484	imghab5	TImage
jugador	0x0488	imghab6	TImage
jugador	0x048c	imghab7	TImage
jugador	0x0490	imghab8	TImage
jugador	0x0494	imghab9	TImage
jugador	0x0498	imghab10	TImage
jugador	0x049c	imghab11	TImage
jugador	0x04a0	imghab12	TImage
jugador	0x04a4	imghab13	TImage
jugador	0x04a8	imghab14	TImage
jugador	0x04ac	imghab15	TImage
jugador	0x04b0	imghab16	TImage
