roteiro	handler	disparos
golden-01-arranque	MainForm.FormCreate	1
golden-01-arranque	MainForm.FormShow	1
golden-01-arranque	ficha_about.FormCreate	1
golden-01-arranque	ficha_color.FormCreate	1
golden-01-arranque	ficha_creditos_equipo.FormCreate	1
golden-01-arranque	ficha_dorsal.FormCreate	1
golden-01-arranque	ficha_enlaza.FormCreate	1
golden-01-arranque	ficha_info.FormCreate	1
golden-01-arranque	ficha_info2.FormCreate	1
golden-01-arranque	ficha_info3.FormCreate	1
golden-01-arranque	ficha_info4.FormCreate	1
golden-01-arranque	ficha_movertodos.FormCreate	1
golden-01-arranque	ficha_salida.FormCreate	1
golden-01-arranque	ficha_warning.FormCreate	1
golden-01-arranque	ficha_warning_2.FormCreate	1
golden-01-arranque	jugador.FormCreate	1
golden-03-barras	MainForm.FormCreate	1
golden-03-barras	MainForm.FormShow	1
golden-03-barras	MainForm.boton_barras2isoClick	1
golden-03-barras	MainForm.lista_equiposChange	2
golden-03-barras	MainForm.track_barraChange	2
golden-03-barras	ficha_about.FormCreate	1
golden-03-barras	ficha_color.FormCreate	1
golden-03-barras	ficha_creditos_equipo.FormCreate	1
golden-03-barras	ficha_dorsal.FormCreate	1
golden-03-barras	ficha_enlaza.FormCreate	1
golden-03-barras	ficha_info.FormCreate	1
golden-03-barras	ficha_info2.FormCreate	1
golden-03-barras	ficha_info3.FormCreate	1
golden-03-barras	ficha_info4.FormCreate	1
golden-03-barras	ficha_movertodos.FormCreate	1
golden-03-barras	ficha_salida.FormCreate	1
golden-03-barras	ficha_warning.FormCreate	1
golden-03-barras	ficha_warning_2.FormCreate	1
golden-03-barras	jugador.FormCreate	1
golden-04-barras-editada	MainForm.FormCreate	1
golden-04-barras-editada	MainForm.FormShow	1
golden-04-barras-editada	MainForm.boton_barras2isoClick	1
golden-04-barras-editada	MainForm.lista_equiposChange	4
golden-04-barras-editada	MainForm.sel_barraClick	1
golden-04-barras-editada	MainForm.track_barraChange	5
golden-04-barras-editada	ficha_about.FormCreate	1
golden-04-barras-editada	ficha_color.FormCreate	1
golden-04-barras-editada	ficha_creditos_equipo.FormCreate	1
golden-04-barras-editada	ficha_dorsal.FormCreate	1
golden-04-barras-editada	ficha_enlaza.FormCreate	1
golden-04-barras-editada	ficha_info.FormCreate	1
golden-04-barras-editada	ficha_info2.FormCreate	1
golden-04-barras-editada	ficha_info3.FormCreate	1
golden-04-barras-editada	ficha_info4.FormCreate	1
golden-04-barras-editada	ficha_movertodos.FormCreate	1
golden-04-barras-editada	ficha_salida.FormCreate	1
golden-04-barras-editada	ficha_warning.FormCreate	1
golden-04-barras-editada	ficha_warning_2.FormCreate	1
golden-04-barras-editada	jugador.FormCreate	1
golden-05-nomes	MainForm.FormCreate	1
golden-05-nomes	MainForm.FormShow	1
golden-05-nomes	MainForm.boton_nombres2isoClick	1
golden-05-nomes	MainForm.edit_nombre1KeyPress	12
golden-05-nomes	MainForm.edit_nombre2KeyPress	12
golden-05-nomes	MainForm.edit_nombre3KeyPress	11
golden-05-nomes	MainForm.lista_equiposChange	4
golden-05-nomes	MainForm.track_barraChange	4
golden-05-nomes	ficha_about.FormCreate	1
golden-05-nomes	ficha_color.FormCreate	1
golden-05-nomes	ficha_creditos_equipo.FormCreate	1
golden-05-nomes	ficha_dorsal.FormCreate	1
golden-05-nomes	ficha_enlaza.FormCreate	1
golden-05-nomes	ficha_info.FormCreate	1
golden-05-nomes	ficha_info2.FormCreate	1
golden-05-nomes	ficha_info3.FormCreate	1
golden-05-nomes	ficha_info4.FormCreate	1
golden-05-nomes	ficha_movertodos.FormCreate	1
golden-05-nomes	ficha_salida.FormCreate	1
golden-05-nomes	ficha_warning.FormCreate	1
golden-05-nomes	ficha_warning_2.FormCreate	1
golden-05-nomes	jugador.FormCreate	1
golden-06-textura	MainForm.FormCreate	1
golden-06-textura	MainForm.FormShow	1
golden-06-textura	MainForm.boton_tex2isoClick	1
golden-06-textura	MainForm.lista_equiposChange	4
golden-06-textura	MainForm.track_barraChange	4
golden-06-textura	ficha_about.FormCreate	1
golden-06-textura	ficha_color.FormCreate	1
golden-06-textura	ficha_creditos_equipo.FormCreate	1
golden-06-textura	ficha_dorsal.FormCreate	1
golden-06-textura	ficha_enlaza.FormCreate	1
golden-06-textura	ficha_info.FormCreate	1
golden-06-textura	ficha_info2.FormCreate	1
golden-06-textura	ficha_info3.FormCreate	1
golden-06-textura	ficha_info4.FormCreate	1
golden-06-textura	ficha_movertodos.FormCreate	1
golden-06-textura	ficha_salida.FormCreate	1
golden-06-textura	ficha_warning.FormCreate	1
golden-06-textura	ficha_warning_2.FormCreate	1
golden-06-textura	jugador.FormCreate	1
golden-07-mcr	MainForm.FormCreate	1
golden-07-mcr	MainForm.FormShow	1
golden-07-mcr	MainForm.grabar_memoryClick	1
golden-07-mcr	MainForm.lista_equiposChange	3
golden-07-mcr	MainForm.track_barraChange	3
golden-07-mcr	ficha_about.FormCreate	1
golden-07-mcr	ficha_color.FormCreate	1
golden-07-mcr	ficha_creditos_equipo.FormCreate	1
golden-07-mcr	ficha_dorsal.FormCreate	1
golden-07-mcr	ficha_enlaza.FormCreate	1
golden-07-mcr	ficha_info.FormCreate	1
golden-07-mcr	ficha_info2.FormCreate	1
golden-07-mcr	ficha_info3.FormCreate	1
golden-07-mcr	ficha_info4.FormCreate	1
golden-07-mcr	ficha_movertodos.FormCreate	1
golden-07-mcr	ficha_salida.FormCreate	1
golden-07-mcr	ficha_warning.FormCreate	1
golden-07-mcr	ficha_warning_2.FormCreate	1
golden-07-mcr	jugador.FormCreate	1
golden-08-dorsal-mcr	MainForm.FormCreate	1
golden-08-dorsal-mcr	MainForm.FormShow	1
golden-08-dorsal-mcr	MainForm.dorsalClick	1
golden-08-dorsal-mcr	MainForm.dorsalMouseDown	1
golden-08-dorsal-mcr	MainForm.grabar_memoryClick	1
golden-08-dorsal-mcr	MainForm.lista_equiposChange	3
golden-08-dorsal-mcr	MainForm.track_barraChange	3
golden-08-dorsal-mcr	ficha_about.FormCreate	1
golden-08-dorsal-mcr	ficha_color.FormCreate	1
golden-08-dorsal-mcr	ficha_creditos_equipo.FormCreate	1
golden-08-dorsal-mcr	ficha_dorsal.BitBtn1Click	1
golden-08-dorsal-mcr	ficha_dorsal.FormCreate	1
golden-08-dorsal-mcr	ficha_dorsal.scroll_dorsalChange	2
golden-08-dorsal-mcr	ficha_enlaza.FormCreate	1
golden-08-dorsal-mcr	ficha_info.FormCreate	1
golden-08-dorsal-mcr	ficha_info2.FormCreate	1
golden-08-dorsal-mcr	ficha_info3.FormCreate	1
golden-08-dorsal-mcr	ficha_info4.FormCreate	1
golden-08-dorsal-mcr	ficha_movertodos.FormCreate	1
golden-08-dorsal-mcr	ficha_salida.FormCreate	1
golden-08-dorsal-mcr	ficha_warning.FormCreate	1
golden-08-dorsal-mcr	ficha_warning_2.FormCreate	1
golden-08-dorsal-mcr	jugador.FormCreate	1
golden-09-mover	MainForm.FormCreate	1
golden-09-mover	MainForm.FormShow	1
golden-09-mover	MainForm.lista_equiposChange	4
golden-09-mover	MainForm.lista_equipos_2Change	2
golden-09-mover	MainForm.lista_jugadores_1Change	2
golden-09-mover	MainForm.paderechaClick	1
golden-09-mover	MainForm.track_barraChange	4
golden-09-mover	ficha_about.FormCreate	1
golden-09-mover	ficha_color.FormCreate	1
golden-09-mover	ficha_creditos_equipo.FormCreate	1
golden-09-mover	ficha_dorsal.FormCreate	1
golden-09-mover	ficha_enlaza.FormCreate	1
golden-09-mover	ficha_info.FormCreate	1
golden-09-mover	ficha_info2.FormCreate	1
golden-09-mover	ficha_info3.FormCreate	1
golden-09-mover	ficha_info4.FormCreate	1
golden-09-mover	ficha_movertodos.FormCreate	1
golden-09-mover	ficha_salida.FormCreate	1
golden-09-mover	ficha_warning.FormCreate	1
golden-09-mover	ficha_warning_2.FormCreate	1
golden-09-mover	jugador.FormCreate	1
golden-10-mover-ml	MainForm.FormCreate	1
golden-10-mover-ml	MainForm.FormShow	1
golden-10-mover-ml	MainForm.lista_equiposChange	4
golden-10-mover-ml	MainForm.lista_equipos_2Change	64
golden-10-mover-ml	MainForm.lista_jugadores_1Change	2
golden-10-mover-ml	MainForm.paderechaClick	1
golden-10-mover-ml	MainForm.track_barraChange	4
golden-10-mover-ml	ficha_about.FormCreate	1
golden-10-mover-ml	ficha_color.FormCreate	1
golden-10-mover-ml	ficha_creditos_equipo.FormCreate	1
golden-10-mover-ml	ficha_dorsal.FormCreate	1
golden-10-mover-ml	ficha_enlaza.FormCreate	1
golden-10-mover-ml	ficha_info.FormCreate	1
golden-10-mover-ml	ficha_info2.FormCreate	1
golden-10-mover-ml	ficha_info3.FormCreate	1
golden-10-mover-ml	ficha_info4.FormCreate	1
golden-10-mover-ml	ficha_movertodos.FormCreate	1
golden-10-mover-ml	ficha_salida.FormCreate	1
golden-10-mover-ml	ficha_warning.FormCreate	1
golden-10-mover-ml	ficha_warning_2.FormCreate	1
golden-10-mover-ml	jugador.FormCreate	1
golden-11-descarte-ml	MainForm.FormCreate	1
golden-11-descarte-ml	MainForm.FormShow	1
golden-11-descarte-ml	MainForm.lista_equiposChange	4
golden-11-descarte-ml	MainForm.lista_equipos_2Change	64
golden-11-descarte-ml	MainForm.lista_jugadores_1Change	2
golden-11-descarte-ml	MainForm.pabajoClick	1
golden-11-descarte-ml	MainForm.parribaClick	1
golden-11-descarte-ml	MainForm.track_barraChange	4
golden-11-descarte-ml	ficha_about.FormCreate	1
golden-11-descarte-ml	ficha_color.FormCreate	1
golden-11-descarte-ml	ficha_creditos_equipo.FormCreate	1
golden-11-descarte-ml	ficha_dorsal.FormCreate	1
golden-11-descarte-ml	ficha_enlaza.FormCreate	1
golden-11-descarte-ml	ficha_info.FormCreate	1
golden-11-descarte-ml	ficha_info2.FormCreate	1
golden-11-descarte-ml	ficha_info3.FormCreate	1
golden-11-descarte-ml	ficha_info4.FormCreate	1
golden-11-descarte-ml	ficha_movertodos.FormCreate	1
golden-11-descarte-ml	ficha_salida.FormCreate	1
golden-11-descarte-ml	ficha_warning.FormCreate	1
golden-11-descarte-ml	ficha_warning_2.FormCreate	1
golden-11-descarte-ml	jugador.FormCreate	1
golden-12-mcr2iso	MainForm.FormCreate	1
golden-12-mcr2iso	MainForm.FormShow	1
golden-12-mcr2iso	MainForm.boton_mcr2isoClick	1
golden-12-mcr2iso	MainForm.lista_equiposChange	5
golden-12-mcr2iso	MainForm.track_barraChange	5
golden-12-mcr2iso	ficha_about.FormCreate	1
golden-12-mcr2iso	ficha_color.FormCreate	1
golden-12-mcr2iso	ficha_creditos_equipo.FormCreate	1
golden-12-mcr2iso	ficha_dorsal.FormCreate	1
golden-12-mcr2iso	ficha_enlaza.FormCreate	1
golden-12-mcr2iso	ficha_info.FormCreate	1
golden-12-mcr2iso	ficha_info2.FormCreate	1
golden-12-mcr2iso	ficha_info3.FormCreate	1
golden-12-mcr2iso	ficha_info4.FormCreate	1
golden-12-mcr2iso	ficha_movertodos.FormCreate	1
golden-12-mcr2iso	ficha_salida.FormCreate	1
golden-12-mcr2iso	ficha_warning.FormCreate	1
golden-12-mcr2iso	ficha_warning_2.FormCreate	1
golden-12-mcr2iso	jugador.FormCreate	1
golden-13-roundtrip	MainForm.FormCreate	1
golden-13-roundtrip	MainForm.FormShow	1
golden-13-roundtrip	MainForm.boton_mcr2isoClick	1
golden-13-roundtrip	MainForm.grabar_memoryClick	1
golden-13-roundtrip	MainForm.lista_equiposChange	2
golden-13-roundtrip	MainForm.track_barraChange	2
golden-13-roundtrip	ficha_about.FormCreate	1
golden-13-roundtrip	ficha_color.FormCreate	1
golden-13-roundtrip	ficha_creditos_equipo.FormCreate	1
golden-13-roundtrip	ficha_dorsal.FormCreate	1
golden-13-roundtrip	ficha_enlaza.FormCreate	1
golden-13-roundtrip	ficha_info.FormCreate	1
golden-13-roundtrip	ficha_info2.FormCreate	1
golden-13-roundtrip	ficha_info3.FormCreate	1
golden-13-roundtrip	ficha_info4.FormCreate	1
golden-13-roundtrip	ficha_movertodos.FormCreate	1
golden-13-roundtrip	ficha_salida.FormCreate	1
golden-13-roundtrip	ficha_warning.FormCreate	1
golden-13-roundtrip	ficha_warning_2.FormCreate	1
golden-13-roundtrip	jugador.FormCreate	1
golden-14-uniforme	MainForm.FormCreate	1
golden-14-uniforme	MainForm.FormShow	1
golden-14-uniforme	MainForm.grabar_camisetaClick	1
golden-14-uniforme	MainForm.lista_equiposChange	3
golden-14-uniforme	MainForm.track_barraChange	3
golden-14-uniforme	ficha_about.FormCreate	1
golden-14-uniforme	ficha_color.FormCreate	1
golden-14-uniforme	ficha_creditos_equipo.FormCreate	1
golden-14-uniforme	ficha_dorsal.FormCreate	1
golden-14-uniforme	ficha_enlaza.FormCreate	1
golden-14-uniforme	ficha_info.FormCreate	1
golden-14-uniforme	ficha_info2.FormCreate	1
golden-14-uniforme	ficha_info3.FormCreate	1
golden-14-uniforme	ficha_info4.FormCreate	1
golden-14-uniforme	ficha_movertodos.FormCreate	1
golden-14-uniforme	ficha_salida.FormCreate	1
golden-14-uniforme	ficha_warning.FormCreate	1
golden-14-uniforme	ficha_warning_2.FormCreate	1
golden-14-uniforme	jugador.FormCreate	1
golden-15-ficha	MainForm.FormCreate	1
golden-15-ficha	MainForm.FormShow	1
golden-15-ficha	MainForm.lista_equiposChange	4
golden-15-ficha	MainForm.lista_jugadores_1Change	1
golden-15-ficha	MainForm.mostrar_jugadorClick	1
golden-15-ficha	MainForm.track_barraChange	4
golden-15-ficha	ficha_about.FormCreate	1
golden-15-ficha	ficha_color.FormCreate	1
golden-15-ficha	ficha_creditos_equipo.FormCreate	1
golden-15-ficha	ficha_dorsal.FormCreate	1
golden-15-ficha	ficha_enlaza.FormCreate	1
golden-15-ficha	ficha_info.FormCreate	1
golden-15-ficha	ficha_info2.FormCreate	1
golden-15-ficha	ficha_info3.FormCreate	1
golden-15-ficha	ficha_info4.FormCreate	1
golden-15-ficha	ficha_movertodos.FormCreate	1
golden-15-ficha	ficha_salida.FormCreate	1
golden-15-ficha	ficha_warning.FormCreate	1
golden-15-ficha	ficha_warning_2.FormCreate	1
golden-15-ficha	jugador.BitBtn3Click	1
golden-15-ficha	jugador.FormCreate	1
golden-16-cor	MainForm.FormCreate	1
golden-16-cor	MainForm.FormShow	1
golden-16-cor	MainForm.colorearClick	1
golden-16-cor	MainForm.lista_equiposChange	4
golden-16-cor	MainForm.track_barraChange	4
golden-16-cor	ficha_about.FormCreate	1
golden-16-cor	ficha_color.BitBtn3Click	1
golden-16-cor	ficha_color.FormCreate	1
golden-16-cor	ficha_color.aclararClick	1
golden-16-cor	ficha_color.barraChange	6
golden-16-cor	ficha_creditos_equipo.FormCreate	1
golden-16-cor	ficha_dorsal.FormCreate	1
golden-16-cor	ficha_enlaza.FormCreate	1
golden-16-cor	ficha_info.FormCreate	1
golden-16-cor	ficha_info2.FormCreate	1
golden-16-cor	ficha_info3.FormCreate	1
golden-16-cor	ficha_info4.FormCreate	1
golden-16-cor	ficha_movertodos.FormCreate	1
golden-16-cor	ficha_salida.FormCreate	1
golden-16-cor	ficha_warning.FormCreate	1
golden-16-cor	ficha_warning_2.FormCreate	1
golden-16-cor	jugador.FormCreate	1
golden-17-tatica	MainForm.FormCreate	1
golden-17-tatica	MainForm.FormShow	1
golden-17-tatica	MainForm.lista_equiposChange	4
golden-17-tatica	MainForm.mostrar_estrategiaClick	1
golden-17-tatica	MainForm.track_barraChange	4
golden-17-tatica	estrategia.BitBtn3Click	1
golden-17-tatica	estrategia.malla1MouseDown	1
golden-17-tatica	estrategia.relojTimer	5
golden-17-tatica	ficha_about.FormCreate	1
golden-17-tatica	ficha_color.FormCreate	1
golden-17-tatica	ficha_creditos_equipo.FormCreate	1
golden-17-tatica	ficha_dorsal.FormCreate	1
golden-17-tatica	ficha_enlaza.FormCreate	1
golden-17-tatica	ficha_info.FormCreate	1
golden-17-tatica	ficha_info2.FormCreate	1
golden-17-tatica	ficha_info3.FormCreate	1
golden-17-tatica	ficha_info4.FormCreate	1
golden-17-tatica	ficha_movertodos.FormCreate	1
golden-17-tatica	ficha_salida.FormCreate	1
golden-17-tatica	ficha_warning.FormCreate	1
golden-17-tatica	ficha_warning_2.FormCreate	1
golden-17-tatica	jugador.FormCreate	1
golden-18-ficha-edicao	MainForm.FormCreate	1
golden-18-ficha-edicao	MainForm.FormShow	1
golden-18-ficha-edicao	MainForm.lista_equiposChange	4
golden-18-ficha-edicao	MainForm.lista_jugadores_1Change	1
golden-18-ficha-edicao	MainForm.mostrar_jugadorClick	1
golden-18-ficha-edicao	MainForm.track_barraChange	4
golden-18-ficha-edicao	ficha_about.FormCreate	1
golden-18-ficha-edicao	ficha_color.FormCreate	1
golden-18-ficha-edicao	ficha_creditos_equipo.FormCreate	1
golden-18-ficha-edicao	ficha_dorsal.FormCreate	1
golden-18-ficha-edicao	ficha_enlaza.FormCreate	1
golden-18-ficha-edicao	ficha_info.FormCreate	1
golden-18-ficha-edicao	ficha_info2.FormCreate	1
golden-18-ficha-edicao	ficha_info3.FormCreate	1
golden-18-ficha-edicao	ficha_info4.FormCreate	1
golden-18-ficha-edicao	ficha_movertodos.FormCreate	1
golden-18-ficha-edicao	ficha_salida.FormCreate	1
golden-18-ficha-edicao	ficha_warning.FormCreate	1
golden-18-ficha-edicao	ficha_warning_2.FormCreate	1
golden-18-ficha-edicao	jugador.BitBtn3Click	1
golden-18-ficha-edicao	jugador.FormCreate	1
golden-18-ficha-edicao	jugador.casilla_dorsalKeyPress	2
golden-19-ficha-original	MainForm.FormCreate	1
golden-19-ficha-original	MainForm.FormShow	1
golden-19-ficha-original	MainForm.lista_equiposChange	4
golden-19-ficha-original	MainForm.lista_jugadores_1Change	1
golden-19-ficha-original	MainForm.mostrar_jugadorClick	1
golden-19-ficha-original	MainForm.track_barraChange	4
golden-19-ficha-original	ficha_about.FormCreate	1
golden-19-ficha-original	ficha_color.FormCreate	1
golden-19-ficha-original	ficha_creditos_equipo.FormCreate	1
golden-19-ficha-original	ficha_dorsal.FormCreate	1
golden-19-ficha-original	ficha_enlaza.FormCreate	1
golden-19-ficha-original	ficha_info.FormCreate	1
golden-19-ficha-original	ficha_info2.FormCreate	1
golden-19-ficha-original	ficha_info3.FormCreate	1
golden-19-ficha-original	ficha_info4.FormCreate	1
golden-19-ficha-original	ficha_movertodos.FormCreate	1
golden-19-ficha-original	ficha_salida.FormCreate	1
golden-19-ficha-original	ficha_warning.FormCreate	1
golden-19-ficha-original	ficha_warning_2.FormCreate	1
golden-19-ficha-original	jugador.BitBtn1Click	1
golden-19-ficha-original	jugador.BitBtn3Click	1
golden-19-ficha-original	jugador.FormCreate	1
golden-19-ficha-original	jugador.casilla_dorsalKeyPress	2
golden-20-ficha-reserva	MainForm.FormCreate	1
golden-20-ficha-reserva	MainForm.FormShow	1
golden-20-ficha-reserva	MainForm.lista_equiposChange	4
golden-20-ficha-reserva	MainForm.lista_equipos_2Change	4
golden-20-ficha-reserva	MainForm.mostrar_jugadorClick	1
golden-20-ficha-reserva	MainForm.track_barraChange	4
golden-20-ficha-reserva	ficha_about.FormCreate	1
golden-20-ficha-reserva	ficha_color.FormCreate	1
golden-20-ficha-reserva	ficha_creditos_equipo.FormCreate	1
golden-20-ficha-reserva	ficha_dorsal.FormCreate	1
golden-20-ficha-reserva	ficha_enlaza.FormCreate	1
golden-20-ficha-reserva	ficha_info.FormCreate	1
golden-20-ficha-reserva	ficha_info2.FormCreate	1
golden-20-ficha-reserva	ficha_info3.FormCreate	1
golden-20-ficha-reserva	ficha_info4.FormCreate	1
golden-20-ficha-reserva	ficha_movertodos.FormCreate	1
golden-20-ficha-reserva	ficha_salida.FormCreate	1
golden-20-ficha-reserva	ficha_warning.FormCreate	1
golden-20-ficha-reserva	ficha_warning_2.FormCreate	1
golden-20-ficha-reserva	jugador.BitBtn3Click	1
golden-20-ficha-reserva	jugador.FormCreate	1
golden-21-arrasto	MainForm.FormCreate	1
golden-21-arrasto	MainForm.FormShow	1
golden-21-arrasto	MainForm.lista_equiposChange	4
golden-21-arrasto	MainForm.mostrar_estrategiaClick	1
golden-21-arrasto	MainForm.track_barraChange	4
golden-21-arrasto	estrategia.BitBtn3Click	1
golden-21-arrasto	estrategia.bolaEndDrag	1
golden-21-arrasto	estrategia.bolaMouseDown	1
golden-21-arrasto	estrategia.bolaMouseMove	3
golden-21-arrasto	estrategia.rectanguloDragDrop	1
golden-21-arrasto	estrategia.rectanguloDragOver	4
golden-21-arrasto	estrategia.relojTimer	5
golden-21-arrasto	ficha_about.FormCreate	1
golden-21-arrasto	ficha_color.FormCreate	1
golden-21-arrasto	ficha_creditos_equipo.FormCreate	1
golden-21-arrasto	ficha_dorsal.FormCreate	1
golden-21-arrasto	ficha_enlaza.FormCreate	1
golden-21-arrasto	ficha_info.FormCreate	1
golden-21-arrasto	ficha_info2.FormCreate	1
golden-21-arrasto	ficha_info3.FormCreate	1
golden-21-arrasto	ficha_info4.FormCreate	1
golden-21-arrasto	ficha_movertodos.FormCreate	1
golden-21-arrasto	ficha_salida.FormCreate	1
golden-21-arrasto	ficha_warning.FormCreate	1
golden-21-arrasto	ficha_warning_2.FormCreate	1
golden-21-arrasto	jugador.FormCreate	1
