endereco	handler	formulario	componente	evento	grupo	regra	nota
0x00402b40	BitBtn1Click	ficha_dorsal	BitBtn1	OnClick	auxiliar	R6	
0x00402b58	scroll_dorsalChange	ficha_dorsal	scroll_dorsal	OnChange	edicao	EX	
0x00402bc0	FormCreate	ficha_dorsal	ficha_dorsal	OnCreate	carga	R2	
0x00402c44	FormShow	ficha_enlaza	ficha_enlaza	OnShow	carga	R2	
0x00402c54	FormCreate	ficha_enlaza	ficha_enlaza	OnCreate	carga	R2	
0x00402cdc	FormCreate	ficha_warning	ficha_warning	OnCreate	carga	R2	
0x00402d60	FormCreate	ficha_info3	ficha_info3	OnCreate	carga	R2	
0x00402de4	FormCreate	ficha_about	ficha_about	OnCreate	carga	R2	
0x00402de8	imagen_urlClick	ficha_about	imagen_url	OnClick	auxiliar	R6	
0x00402e84	FormCreate	ficha_movertodos	ficha_movertodos	OnCreate	carga	R2	
0x00402f08	FormCreate	ficha_salida	ficha_salida	OnCreate	carga	R2	
0x00402f8c	FormCreate	ficha_info	ficha_info	OnCreate	carga	R2	
0x0040422c	FormCreate	ficha_info4	ficha_info4	OnCreate	carga	R2	
0x00405dcc	FormCreate	ficha_color	ficha_color	OnCreate	carga	R2	
0x00405e40	barraChange	ficha_color	barra_rojo|barra_verde|barra_azul	OnChange|OnChange|OnChange	edicao	R8	WTE-TASK-29
0x00406078	botonClick	ficha_color	boton2|boton1|boton0|boton3	OnClick|OnClick|OnClick|OnClick	auxiliar	EX	
0x00406358	barra1Change	ficha_color	barra1	OnChange	edicao	R8	WTE-TASK-29
0x00406384	barra2Change	ficha_color	barra2	OnChange	edicao	R8	WTE-TASK-29
0x004063b0	gradienteClick	ficha_color	gradiente	OnClick	edicao	R8	WTE-TASK-29
0x004065fc	oscurecerClick	ficha_color	oscurecer	OnClick	edicao	R8	WTE-TASK-29
0x00406744	aclararClick	ficha_color	aclarar	OnClick	edicao	R8	WTE-TASK-29
0x0040688c	lista_col0Change	ficha_color	lista_col0	OnChange	edicao	EX	WTE-TASK-29
0x004068b0	lista_col1change	ficha_color	lista_col1	OnChange	edicao	EX	WTE-TASK-29
0x004068ec	lista_col2Change	ficha_color	lista_col2	OnChange	edicao	EX	WTE-TASK-29
0x0040690c	lista_col3Change	ficha_color	lista_col3	OnChange	edicao	EX	WTE-TASK-29
0x00406968	BitBtn1Click	ficha_color	BitBtn1	OnClick	auxiliar	R7	
0x004069c8	BitBtn2Click	ficha_color	BitBtn2	OnClick	auxiliar	R7	
0x004069e8	BitBtn3Click	ficha_color	BitBtn3	OnClick	auxiliar	R7	
0x00406a0c	colorMouseDown	ficha_color	color1|color2|color3|color4|color5|color6|color7|color8|color9|color10|color11|color12|color13|color14|color15|color16	OnMouseDown|OnMouseDown|OnMouseDown|OnMouseDown|OnMouseDown|OnMouseDown|OnMouseDown|OnMouseDown|OnMouseDown|OnMouseDown|OnMouseDown|OnMouseDown|OnMouseDown|OnMouseDown|OnMouseDown|OnMouseDown	edicao	R8	WTE-TASK-29
0x00406f34	SpeedButton1Click	ficha_color	SpeedButton1	OnClick	auxiliar	R7	
0x00407a68	BitBtn2Click	jugador	BitBtn2	OnClick	auxiliar	R7	
0x00407a80	BitBtn1Click	jugador	BitBtn1	OnClick	auxiliar	R7	
0x00407a88	barrhabScroll	jugador	barrhab1|barrhab2|barrhab3|barrhab4|barrhab5|barrhab6|barrhab7|barrhab8|barrhab9	OnScroll|OnScroll|OnScroll|OnScroll|OnScroll|OnScroll|OnScroll|OnScroll|OnScroll	edicao	R8	
0x00407bb4	barrhab_bisScroll	jugador	barrhab10|barrhab11|barrhab12|barrhab13|barrhab14|barrhab15|barrhab16	OnScroll|OnScroll|OnScroll|OnScroll|OnScroll|OnScroll|OnScroll	edicao	R8	
0x00407ce0	FormCreate	jugador	jugador	OnCreate	carga	R2	
0x00408088	flechasapaClick	jugador	flechasapa1|flechasapa2|flechasapa3|flechasapa4|flechasapa5|flechasapa6|flechasapa7|flechasapa8|flechasapa9|flechasapa10|flechasapa11|flechasapa12	OnClick|OnClick|OnClick|OnClick|OnClick|OnClick|OnClick|OnClick|OnClick|OnClick|OnClick|OnClick	edicao	R8	
0x00408548	BitBtn3Click	jugador	BitBtn3	OnClick	auxiliar	R7	
0x00408af8	casilla_nombreKeyPress	jugador	casilla_nombre	OnKeyPress	edicao	R8	
0x00408b50	casilla_dorsalKeyPress	jugador	casilla_dorsal	OnKeyPress	edicao	R8	
0x00408b9c	casilla_precioKeyPress	jugador	casilla_precio	OnKeyPress	edicao	R8	WTE-TASK-32
0x00408bb8	etiqprecioClick	jugador	etiqprecio	OnClick	edicao	R8	WTE-TASK-32
0x00408d88	FormCreate	ficha_warning_2	ficha_warning_2	OnCreate	carga	R2	
0x00408e0c	bolaMouseMove	estrategia	bola1|bola2|bola4|bola3|bola6|bola7|bola5|bola9|bola8|bola10	OnMouseMove|OnMouseMove|OnMouseMove|OnMouseMove|OnMouseMove|OnMouseMove|OnMouseMove|OnMouseMove|OnMouseMove|OnMouseMove	edicao	R8	
0x00408f00	bolaMouseDown	estrategia	bola1|bola2|bola4|bola3|bola6|bola7|bola5|bola9|bola8|bola10	OnMouseDown|OnMouseDown|OnMouseDown|OnMouseDown|OnMouseDown|OnMouseDown|OnMouseDown|OnMouseDown|OnMouseDown|OnMouseDown	edicao	R8	
0x004090c8	campoMouseMove	estrategia	campo	OnMouseMove	edicao	R8	
0x004090fc	FormCreate	estrategia	estrategia	OnCreate	carga	R2	
0x00409644	rectanguloDragOver	estrategia	rectangulo	OnDragOver	edicao	R8	
0x00409780	rectanguloDragDrop	estrategia	rectangulo	OnDragDrop	edicao	R8	
0x004097a4	bolaEndDrag	estrategia	bola1|bola2|bola4|bola3|bola6|bola7|bola5|bola9|bola8|bola10	OnEndDrag|OnEndDrag|OnEndDrag|OnEndDrag|OnEndDrag|OnEndDrag|OnEndDrag|OnEndDrag|OnEndDrag|OnEndDrag	edicao	R8	
0x00409aa0	lista_formacionesClick	estrategia	lista_formaciones	OnClick	carga	R4	
0x00409ba4	relojTimer	estrategia	reloj	OnTimer	edicao	R8	
0x00409f4c	malla1MouseDown	estrategia	malla1	OnMouseDown	edicao	R8	WTE-TASK-29
0x0040a000	malla2MouseDown	estrategia	malla2	OnMouseDown	edicao	R8	WTE-TASK-29
0x0040a658	BitBtn1Click	estrategia	BitBtn1	OnClick	auxiliar	R7	
0x0040a660	BitBtn3Click	estrategia	BitBtn6	OnClick	auxiliar	R7	
0x0040adec	ComboBoxDrawItem	estrategia	ComboBox1|ComboBox2	OnDrawItem|OnDrawItem	carga	EX	
0x0040b034	FormCreate	ficha_creditos_equipo	ficha_creditos_equipo	OnCreate	carga	R2	
0x0040bd60	boton_dialogo_weClick	MainForm	boton_dialogo_we	OnClick	carga	R3	
0x0040c2c8	boton_mcrClick	MainForm	boton_mcr	OnClick	carga	EX	
0x0040c46c	boton_mcr2isoClick	MainForm	boton_mcr2iso	OnClick	gravacao	R1	
0x0040c9c4	Button2Click	MainForm			auxiliar	R7	sem referencia em DFM
0x0040c9d0	sel_barraClick	MainForm	sel_barra0|sel_barra1|sel_barra2|sel_barra3|sel_barra4	OnClick|OnClick|OnClick|OnClick|OnClick	edicao	R8	
0x0040ca10	track_barraChange	MainForm	track_barra	OnChange	edicao	R8	
0x0040cab8	boton_barras2isoClick	MainForm	boton_barras2iso	OnClick	gravacao	R1	
0x0040cd6c	lista_equiposChange	MainForm	lista_equipos	OnChange	carga	R4	
0x0040d36c	edit_nombre1KeyPress	MainForm	edit_nombre1	OnKeyPress	edicao	R8	
0x0040d3c4	edit_nombre2KeyPress	MainForm	edit_nombre2	OnKeyPress	edicao	R8	
0x0040d41c	edit_nombre3KeyPress	MainForm	edit_nombre3	OnKeyPress	edicao	R8	
0x0040d43c	iguala_nombresClick	MainForm	iguala_nombres	OnClick	edicao	R8	
0x0040d534	boton_nombres2isoClick	MainForm	boton_nombres2iso	OnClick	gravacao	R1	
0x0040de18	boton_tex2isoClick	MainForm	boton_tex2iso	OnClick	gravacao	R1	
0x0040dfe8	boton_dialogo_texClick	MainForm	boton_dialogo_tex	OnClick	carga	R3	
0x0040e1a8	lista_equipos_2Change	MainForm	lista_equipos_2	OnChange	carga	R4	
0x0040e304	paderechaeizquierdaClick	MainForm	paderechaeizquierda	OnClick	edicao	R8	
0x0040e4b0	paizquierdaClick	MainForm	paizquierda	OnClick	edicao	R8	
0x0040e5e8	paderechaClick	MainForm	paderecha	OnClick	edicao	R8	
0x0040e720	paderecha2Click	MainForm	paderecha2	OnClick	edicao	R8	
0x0040e85c	paizquierda2Click	MainForm	paizquierda2	OnClick	edicao	R8	
0x0040e998	parribaClick	MainForm	parriba	OnClick	edicao	R8	
0x0040ecc0	pabajoClick	MainForm	pabajo	OnClick	edicao	R8	
0x0040ee80	grabar_camisetaClick	MainForm	grabar_camiseta	OnClick	gravacao	R1	
0x0040f69c	grabar_memoryClick	MainForm	grabar_memory	OnClick	gravacao	R1	
0x0040f8b8	lista_jugadores_1Change	MainForm	lista_jugadores_1	OnChange	carga	R4	
0x0040f8d4	mostrar_jugadorClick	MainForm	mostrar_jugador_1|mostrar_jugador_2	OnClick|OnClick	carga	R5	
0x00410220	mostrar_estrategiaClick	MainForm	mostrar_estrategia_2|mostrar_estrategia_1	OnClick|OnClick	carga	R5	
0x004107c8	FormCreate	MainForm	MainForm	OnCreate	carga	R2	
0x00410a74	dorsalClick	MainForm	dorsal1|dorsal2|dorsal3|dorsal4|dorsal5|dorsal6|dorsal7|dorsal8|dorsal9|dorsal10|dorsal11|dorsal12|dorsal13|dorsal14|dorsal15|dorsal16|dorsal17|dorsal18|dorsal19|dorsal20|dorsal21|dorsal22|dorsal23	OnClick|OnClick|OnClick|OnClick|OnClick|OnClick|OnClick|OnClick|OnClick|OnClick|OnClick|OnClick|OnClick|OnClick|OnClick|OnClick|OnClick|OnClick|OnClick|OnClick|OnClick|OnClick|OnClick	edicao	R8	
0x00410ddc	dorsalMouseDown	MainForm	dorsal1|dorsal2|dorsal3|dorsal4|dorsal5|dorsal6|dorsal7|dorsal8|dorsal9|dorsal10|dorsal11|dorsal12|dorsal13|dorsal14|dorsal15|dorsal16|dorsal17|dorsal18|dorsal19|dorsal20|dorsal21|dorsal22|dorsal23	OnMouseDown|OnMouseDown|OnMouseDown|OnMouseDown|OnMouseDown|OnMouseDown|OnMouseDown|OnMouseDown|OnMouseDown|OnMouseDown|OnMouseDown|OnMouseDown|OnMouseDown|OnMouseDown|OnMouseDown|OnMouseDown|OnMouseDown|OnMouseDown|OnMouseDown|OnMouseDown|OnMouseDown|OnMouseDown|OnMouseDown	edicao	R8	
0x00410ea8	colorearClick	MainForm	colorear	OnClick	edicao	R8	WTE-TASK-29
0x00410fa4	SpeedButton2Click	MainForm	SpeedButton2	OnClick	auxiliar	R7	
0x00410fc0	SpeedButton1Click	MainForm	SpeedButton1	OnClick	auxiliar	R7	
0x00410fd0	Image3Click	MainForm	Image3	OnClick	auxiliar	R7	
0x00410ff4	base_teamClick	MainForm	help_team|base_team	OnClick|OnClick	auxiliar	EX	
0x004111d8	FormShow	MainForm	MainForm	OnShow	carga	R2	
0x00420e84	FormCreate	ficha_info2	ficha_info2	OnCreate	carga	R2	
0x00420f08	SpeedButton1Click	ficha_error	SpeedButton1	OnClick	auxiliar	R7	
